"Date","Symbol","Marketcapname","Sector"
"30-12-2025","AUTOAXLES","Smallcap","Auto"
"30-12-2025","DOLPHIN","Smallcap","Energy"
"30-12-2025","CANTABIL","Smallcap","Textiles"
"30-12-2025","IIFLCAPS","Midcap","Financials"
"30-12-2025","ORIENTTECH","Smallcap","I.T"
"31-12-2025","ZYDUSWELL","Midcap","FMCG"
"31-12-2025","INDUSINDBK","Largecap","Bank"
"31-12-2025","MASFIN","Midcap","Financials"
"13-01-2026","ONGC","Largecap","Energy"
"13-01-2026","INDSWFTLAB","Smallcap","Healthcare"
"13-01-2026","OIL","Largecap","Energy"
"21-01-2026","NORTHARC","Smallcap","Financials"
"28-01-2026","BEL","Largecap","Aerospace & Defence"
"28-01-2026","NTPC","Largecap","Power & Utilities"
"28-01-2026","SHARDACROP","Midcap","Chemicals"
"29-01-2026","RAMCOCEM","Largecap","Building Materials"
"02-02-2026","SIEMENS","Largecap","Industrials"
"02-02-2026","GRWRHITECH","Midcap","Industrials"
"02-02-2026","SARDAEN","Midcap","Metals & Mining"
"02-02-2026","AVANTIFEED","Midcap","FMCG"
"02-02-2026","KEI","Largecap","Industrials"
"02-02-2026","PETRONET","Largecap","Energy"
"02-02-2026","CIEINDIA","Midcap","Industrials"
"02-02-2026","POWERGRID","Largecap","Power & Utilities"
"02-02-2026","POLYCAB","Largecap","Industrials"
"02-02-2026","DATAPATTNS","Largecap","Aerospace & Defence"
"03-02-2026","VOLTAS","Largecap","Consumer Discretionary"
"03-02-2026","TIMKEN","Largecap","Industrials"
"03-02-2026","NITINSPIN","Smallcap","Textiles"
"03-02-2026","TORNTPOWER","Largecap","Power & Utilities"
"03-02-2026","ADANIPORTS","Largecap","Transportation"
"03-02-2026","UEL","Smallcap","Power & Utilities"
"03-02-2026","ADANIENSOL","Largecap","Power & Utilities"
"03-02-2026","NAM-INDIA","Largecap","Financials"
"03-02-2026","BANDHANBNK","Largecap","Bank"
"03-02-2026","NYKAA","Largecap","I.T"
"06-02-2026","DATAPATTNS","Largecap","Aerospace & Defence"
"09-02-2026","JAYBARMARU","Smallcap","Auto"
"09-02-2026","RACLGEAR","Smallcap","Auto"
"09-02-2026","SCI","Midcap","Transportation"
"09-02-2026","LINCOLN","Smallcap","Healthcare"
"09-02-2026","TRIVENI","Midcap","FMCG"
"09-02-2026","KIMS","Largecap","Healthcare"
"09-02-2026","DIVGIITTS","Smallcap","Auto"
"10-02-2026","IDBI","Largecap","Bank"
"10-02-2026","GRAPHITE","Midcap","Industrials"
"10-02-2026","ASTRAL","Largecap","Plastic products"
"10-02-2026","JPOLYINVST","Smallcap","Financials"
"16-02-2026","MANGLMCEM","Smallcap","Building Materials"
"16-02-2026","BHARATSE","Smallcap","Auto"
"16-02-2026","WHEELS","Smallcap","Auto"
"16-02-2026","ICEMAKE","Smallcap","Industrials"
"16-02-2026","KRN","Midcap","Industrials"
"17-02-2026","SUNTV","Midcap","Media"
"17-02-2026","AEROFLEX","Midcap","Metals & Mining"
"18-02-2026","PETRONET","Largecap","Energy"
"18-02-2026","NAM-INDIA","Largecap","Financials"
"18-02-2026","POLYCAB","Largecap","Industrials"
"19-02-2026","NITINSPIN","Smallcap","Textiles"
"20-02-2026","PETRONET","Largecap","Energy"
"20-02-2026","POLYCAB","Largecap","Industrials"
"20-02-2026","DEEDEV","Smallcap","Metals & Mining"
"23-02-2026","SCHAEFFLER","Largecap","Industrials"
"23-02-2026","TIMKEN","Largecap","Industrials"
"23-02-2026","J&KBANK","Midcap","Bank"
"23-02-2026","RRKABEL","Largecap","Industrials"
"24-02-2026","SARDAEN","Midcap","Metals & Mining"
"24-02-2026","IPCALAB","Largecap","Healthcare"
"24-02-2026","ADANIENSOL","Largecap","Power & Utilities"
"25-02-2026","FINCABLES","Midcap","Industrials"
"26-02-2026","TRIVENI","Midcap","FMCG"
"27-02-2026","SARDAEN","Midcap","Metals & Mining"
"20-03-2026","DALMIASUG","Smallcap","FMCG"
"20-03-2026","DHAMPURSUG","Smallcap","FMCG"
"24-03-2026","EMCURE","Largecap","Healthcare"
"01-04-2026","PRAJIND","Midcap","Industrials"
"01-04-2026","JAYNECOIND","Midcap","Metals & Mining"
"01-04-2026","WELCORP","Largecap","Industrials"
"01-04-2026","SPORTKING","Smallcap","Textiles"
"01-04-2026","KRISHANA","Smallcap","Chemicals"
"01-04-2026","ANANDRATHI","Largecap","Financials"
"01-04-2026","AKUMS","Midcap","Healthcare"
"01-04-2026","SAMBHV","Smallcap","Metals & Mining"
"02-04-2026","SCHNEIDER","Largecap","Industrials"
"06-04-2026","CGPOWER","Largecap","Industrials"
"06-04-2026","HFCL","Largecap","Telecom"
"06-04-2026","JINDALSAW","Midcap","Industrials"
"06-04-2026","SUNFLAG","Midcap","Metals & Mining"
"06-04-2026","SARDAEN","Midcap","Metals & Mining"
"06-04-2026","WALCHANNAG","Smallcap","Industrials"
"06-04-2026","CEMPRO","Largecap","Realty"
"06-04-2026","AEROENTER","Smallcap","Metals & Mining"
"06-04-2026","MANINDS","Midcap","Metals & Mining"
"06-04-2026","STEELCAS","Smallcap","Industrials"
"06-04-2026","INDOBORAX","Smallcap","Chemicals"
"06-04-2026","NMDC","Largecap","Metals & Mining"
"06-04-2026","GRMOVER","Smallcap","FMCG"
"06-04-2026","GMDCLTD","Midcap","Metals & Mining"
"06-04-2026","MAHABANK","Largecap","Bank"
"06-04-2026","KERNEX","Smallcap","Consumer Discretionary"
"06-04-2026","GALLANTT","Midcap","Metals & Mining"
"06-04-2026","CIEINDIA","Midcap","Industrials"
"06-04-2026","IMFA","Midcap","Metals & Mining"
"06-04-2026","WABAG","Midcap","Realty"
"06-04-2026","AGIIL","Smallcap","Realty"
"06-04-2026","ADANIENSOL","Largecap","Power & Utilities"
"06-04-2026","LUXIND","Smallcap","Textiles"
"06-04-2026","SPAL","Smallcap","Consumer Discretionary"
"06-04-2026","PNBHOUSING","Largecap","Financials"
"06-04-2026","BSE","Largecap","Financials"
"06-04-2026","ABCAPITAL","Largecap","Financials"
"06-04-2026","ASTERDM","Largecap","Healthcare"
"06-04-2026","MACPOWER","Smallcap","Industrials"
"06-04-2026","ADANIGREEN","Largecap","Power & Utilities"
"06-04-2026","SKYGOLD","Midcap","Consumer Discretionary"
"06-04-2026","MARINE","Midcap","Industrials"
"06-04-2026","SONACOMS","Largecap","Auto"
"06-04-2026","ABSLAMC","Largecap","Financials"
"06-04-2026","DELHIVERY","Largecap","Transportation"
"06-04-2026","GHCLTEXTIL","Smallcap","Textiles"
"06-04-2026","RISHABH","Smallcap","Industrials"
"06-04-2026","CEIGALL","Midcap","Realty"
"07-04-2026","IGPL","Smallcap","Chemicals"
"07-04-2026","RAMRAT","Smallcap","Metals & Mining"
"07-04-2026","J&KBANK","Midcap","Bank"
"07-04-2026","JINDALSTEL","Largecap","Metals & Mining"
"07-04-2026","DSSL","Smallcap","I.T"
"07-04-2026","DCBBANK","Midcap","Bank"
"07-04-2026","PFC","Largecap","Financials"
"07-04-2026","BAJAJ-AUTO","Largecap","Auto"
"07-04-2026","ZENTEC","Midcap","Aerospace & Defence"
"07-04-2026","SATIN","Smallcap","Financials"
"07-04-2026","GRSE","Largecap","Aerospace & Defence"
"07-04-2026","VIJAYA","Midcap","Healthcare"
"07-04-2026","MEDPLUS","Midcap","Consumer Discretionary"
"08-04-2026","BHEL","Largecap","Industrials"
"08-04-2026","JINDALSAW","Midcap","Industrials"
"08-04-2026","TATAPOWER","Largecap","Power & Utilities"
"08-04-2026","SIEMENS","Largecap","Industrials"
"08-04-2026","DYNAMATECH","Midcap","Industrials"
"08-04-2026","NAVA","Midcap","Miscellaneous"
"08-04-2026","TIMKEN","Largecap","Industrials"
"08-04-2026","SIGMAADV","Midcap","Aerospace & Defence"
"08-04-2026","JPPOWER","Midcap","Power & Utilities"
"08-04-2026","CIEINDIA","Midcap","Industrials"
"08-04-2026","ISGEC","Midcap","Realty"
"08-04-2026","JTLIND","Smallcap","Metals & Mining"
"08-04-2026","GNA","Smallcap","Auto"
"08-04-2026","AUBANK","Largecap","Bank"
"08-04-2026","NAM-INDIA","Largecap","Financials"
"08-04-2026","APOLLO","Midcap","Aerospace & Defence"
"08-04-2026","UFBL","Smallcap","Consumer Discretionary"
"08-04-2026","ABSLAMC","Largecap","Financials"
"08-04-2026","SJS","Midcap","Auto"
"08-04-2026","PRUDENT","Midcap","Financials"
"08-04-2026","SYRMA","Largecap","Consumer Discretionary"
"08-04-2026","CEIGALL","Midcap","Realty"
"08-04-2026","KRN","Midcap","Industrials"
"09-04-2026","SENORES","Midcap","Healthcare"
"10-04-2026","HIRECT","Smallcap","Consumer Discretionary"
"10-04-2026","ANDHRSUGAR","Smallcap","Chemicals"
"10-04-2026","ASTERDM","Largecap","Healthcare"
"10-04-2026","EBGNG","Midcap","Services"
"13-04-2026","VISHNU","Smallcap","Chemicals"
"13-04-2026","GLENMARK","Largecap","Healthcare"
"13-04-2026","PTC","Smallcap","Power & Utilities"
"13-04-2026","NELCAST","Smallcap","Industrials"
"13-04-2026","JSWENERGY","Largecap","Power & Utilities"
"13-04-2026","DIVGIITTS","Smallcap","Auto"
"15-04-2026","ATUL","Midcap","Chemicals"
"15-04-2026","TRITURBINE","Midcap","Industrials"
"15-04-2026","STARHEALTH","Largecap","Financials"
"15-04-2026","RRKABEL","Largecap","Industrials"
"15-04-2026","STYLEBAAZA","Smallcap","Consumer Discretionary"
"16-04-2026","PIXTRANS","Smallcap","FMCG"
"16-04-2026","NLCINDIA","Largecap","Power & Utilities"
"17-04-2026","PRIVISCL","Midcap","Chemicals"
"17-04-2026","STYLEBAAZA","Smallcap","Consumer Discretionary"
"20-04-2026","BALRAMCHIN","Midcap","FMCG"
"20-04-2026","NOVARTIND","Smallcap","Healthcare"
"20-04-2026","AYMSYNTEX","Smallcap","Textiles"
"20-04-2026","ARIHANT","Smallcap","Realty"
"21-04-2026","DYNAMATECH","Midcap","Industrials"
"21-04-2026","SILVERTUC","Smallcap","I.T"
"22-04-2026","GRWRHITECH","Midcap","Industrials"
"22-04-2026","MARICO","Largecap","FMCG"
"22-04-2026","TRIVENI","Midcap","FMCG"
"22-04-2026","MASFIN","Midcap","Financials"
"22-04-2026","IRMENERGY","Smallcap","Energy"
"23-04-2026","DRREDDY","Largecap","Healthcare"
"23-04-2026","SHAILY","Midcap","Plastic products"
"24-04-2026","RBLBANK","Largecap","Bank"
"27-04-2026","SUNPHARMA","Largecap","Healthcare"
"27-04-2026","LINCOLN","Smallcap","Healthcare"
"27-04-2026","INDUSINDBK","Largecap","Bank"
"27-04-2026","SOUTHBANK","Midcap","Bank"
"27-04-2026","RKFORGE","Midcap","Industrials"
"27-04-2026","RRKABEL","Largecap","Industrials"
"28-04-2026","KMEW","Midcap","Transportation"
"28-04-2026","YATHARTH","Midcap","Healthcare"
"29-04-2026","PIXTRANS","Smallcap","FMCG"
"29-04-2026","INDOBORAX","Smallcap","Chemicals"
"29-04-2026","NELCAST","Smallcap","Industrials"
"29-04-2026","SJS","Midcap","Auto"
"30-04-2026","BAJAJ-AUTO","Largecap","Auto"
"30-04-2026","EBGNG","Midcap","Services"
"04-05-2026","AJANTPHARM","Largecap","Healthcare"
"04-05-2026","LALPATHLAB","Largecap","Healthcare"
"04-05-2026","SANDHAR","Smallcap","Auto"
"04-05-2026","GLAND","Largecap","Healthcare"
"04-05-2026","KIMS","Largecap","Healthcare"
"04-05-2026","GALAPREC","Smallcap","Industrials"
"05-05-2026","BIOCON","Largecap","Healthcare"
"05-05-2026","SIGNPOST","Smallcap","Miscellaneous"
"06-05-2026","VIYASH","Midcap","Healthcare"
"06-05-2026","JAYBARMARU","Smallcap","Auto"
"06-05-2026","ZYDUSLIFE","Largecap","Healthcare"
"06-05-2026","AVANTEL","Smallcap","Aerospace & Defence"
"06-05-2026","FCL","Midcap","Chemicals"
"06-05-2026","SANDHAR","Smallcap","Auto"
"06-05-2026","RPSGVENT","Smallcap","I.T"
"06-05-2026","GLAND","Largecap","Healthcare"
"06-05-2026","KIMS","Largecap","Healthcare"
"06-05-2026","IGIL","Midcap","Miscellaneous"
"07-05-2026","IFCI","Largecap","Financials"
"07-05-2026","RAIN","Midcap","Miscellaneous"
"07-05-2026","APOLLOHOSP","Largecap","Healthcare"
"07-05-2026","MAYURUNIQ","Smallcap","Consumer Discretionary"
"07-05-2026","MINDACORP","Midcap","Auto"
"07-05-2026","YASHO","Midcap","Chemicals"
"08-05-2026","SAREGAMA","Midcap","Media"
"15-05-2026","ASIANENE","Smallcap","Energy"
"18-05-2026","NIBE","Smallcap","Aerospace & Defence"
"19-05-2026","DREDGECORP","Smallcap","Miscellaneous"
"19-05-2026","MUFIN","Smallcap","Financials"
"20-05-2026","JAYBARMARU","Smallcap","Auto"
"20-05-2026","FAZE3Q","Smallcap","Textiles"
"20-05-2026","KDDL","Smallcap","Consumer Discretionary"
"20-05-2026","SANDHAR","Smallcap","Auto"
"20-05-2026","IGIL","Midcap","Miscellaneous"
"21-05-2026","AVANTEL","Smallcap","Aerospace & Defence"
"21-05-2026","SAMMAANCAP","Midcap","Financials"
"21-05-2026","MINDACORP","Midcap","Auto"
"21-05-2026","TIINDIA","Largecap","Industrials"
"21-05-2026","ATGL","Largecap","Energy"
"22-05-2026","GOCLCORP","Smallcap","Miscellaneous"
"22-05-2026","CGCL","Largecap","Financials"
"25-05-2026","RUBYMILLS","Smallcap","Textiles"
"26-05-2026","EXIDEIND","Largecap","Auto"
"26-05-2026","IFCI","Largecap","Financials"
"27-05-2026","CAMS","Midcap","Financials"
"01-06-2026","JASH","Smallcap","Industrials"
"01-06-2026","QUADFUTURE","Smallcap","Industrials"
"02-06-2026","STEL","Smallcap","Financials"
"02-06-2026","UNIMECH","Midcap","Aerospace & Defence"
"03-06-2026","SSWL","Smallcap","Auto"
"03-06-2026","GREENPLY","Smallcap","Building Materials"
"03-06-2026","JBMA","Midcap","Auto"
"03-06-2026","CARTRADE","Midcap","Consumer Discretionary"
"04-06-2026","ROTO","Smallcap","Industrials"
"04-06-2026","RICOAUTO","Smallcap","Auto"
"04-06-2026","IPCALAB","Largecap","Healthcare"
"04-06-2026","PDSL","Midcap","Textiles"
"04-06-2026","AURUM","Smallcap","I.T"
"04-06-2026","XPROINDIA","Smallcap","Industrials"
"04-06-2026","JASH","Smallcap","Industrials"
"04-06-2026","TVSSCS","Midcap","Transportation"
"05-06-2026","AVL","Midcap","Consumer Discretionary"
"05-06-2026","SETL","Midcap","Industrials"
"08-06-2026","MANORAMA","Midcap","FMCG"
"09-06-2026","MOREPENLAB","Midcap","Healthcare"
"09-06-2026","BOSCHLTD","Largecap","Auto"
"09-06-2026","UNICHEMLAB","Smallcap","Healthcare"
"09-06-2026","WINDMACHIN","Smallcap","Industrials"
"09-06-2026","BHAGCHEM","Smallcap","Chemicals"
"09-06-2026","CERA","Midcap","Building Materials"
"09-06-2026","JSWINFRA","Largecap","Transportation"
"10-06-2026","EVEREADY","Smallcap","Industrials"
"10-06-2026","MANORAMA","Midcap","FMCG"
"10-06-2026","BORORENEW","Midcap","Building Materials"
"10-06-2026","PRUDENT","Midcap","Financials"
"12-06-2026","MOREPENLAB","Midcap","Healthcare"
"12-06-2026","ORIENTHOT","Smallcap","Services"
"12-06-2026","BOSCHLTD","Largecap","Auto"
"12-06-2026","WENDT","Smallcap","Industrials"
"12-06-2026","PITTIENG","Smallcap","Industrials"
"12-06-2026","RELIGARE","Midcap","Financials"
"12-06-2026","INDIGO","Largecap","Transportation"
"12-06-2026","BORORENEW","Midcap","Building Materials"
"12-06-2026","JSWINFRA","Largecap","Transportation"
"15-06-2026","BEPL","Smallcap","Energy"
"15-06-2026","HMT","Midcap","Consumer Discretionary"
"15-06-2026","KAJARIACER","Midcap","Building Materials"
"15-06-2026","KIRLOSIND","Smallcap","Financials"
"15-06-2026","TRENT","Largecap","Consumer Discretionary"
"15-06-2026","GNFC","Midcap","Chemicals"
"15-06-2026","PHOENIXLTD","Largecap","Realty"
"15-06-2026","GABRIEL","Largecap","Auto"
"15-06-2026","WELSPUNLIV","Midcap","Textiles"
"15-06-2026","HNDFDS","Midcap","FMCG"
"15-06-2026","GOKEX","Midcap","Consumer Discretionary"
"15-06-2026","PGIL","Midcap","Consumer Discretionary"
"15-06-2026","PAGEIND","Largecap","Consumer Discretionary"
"15-06-2026","PDSL","Midcap","Textiles"
"15-06-2026","AURUM","Smallcap","I.T"
"15-06-2026","SPAL","Smallcap","Consumer Discretionary"
"15-06-2026","AVL","Midcap","Consumer Discretionary"
"15-06-2026","THEJO","Smallcap","Industrials"
"15-06-2026","MACPOWER","Smallcap","Industrials"
"15-06-2026","FINEORG","Midcap","Chemicals"
"15-06-2026","IRISDOREME","Smallcap","Consumer Discretionary"
"15-06-2026","ANUP","Smallcap","Industrials"
"15-06-2026","FLUOROCHEM","Largecap","Chemicals"
"15-06-2026","HARSHA","Smallcap","Industrials"
"16-06-2026","NELCO","Smallcap","Telecom"
"16-06-2026","NACLIND","Smallcap","Chemicals"
"16-06-2026","TIIL","Midcap","Metals & Mining"
"16-06-2026","VARROC","Midcap","Auto"
"16-06-2026","TARSONS","Smallcap","Healthcare"
"17-06-2026","HMT","Midcap","Consumer Discretionary"
"17-06-2026","SUNPHARMA","Largecap","Healthcare"
"17-06-2026","RAJRILTD","Smallcap","Textiles"
"17-06-2026","OLECTRA","Midcap","Auto"
"17-06-2026","PAGEIND","Largecap","Consumer Discretionary"
"17-06-2026","RATNAVEER","Smallcap","Metals & Mining"
"18-06-2026","ARROWGREEN","Smallcap","Plastic products"
"18-06-2026","NITCO","Smallcap","Building Materials"
"18-06-2026","PGIL","Midcap","Consumer Discretionary"
"18-06-2026","GPTINFRA","Smallcap","Realty"
"18-06-2026","SPAL","Smallcap","Consumer Discretionary"
"18-06-2026","MACPOWER","Smallcap","Industrials"
"18-06-2026","GANDHAR","Smallcap","Energy"
"19-06-2026","NACLIND","Smallcap","Chemicals"
"19-06-2026","TIIL","Midcap","Metals & Mining"
"19-06-2026","JTLIND","Smallcap","Metals & Mining"
"22-06-2026","DRREDDY","Largecap","Healthcare"
"22-06-2026","MANGLMCEM","Smallcap","Building Materials"
"22-06-2026","RAMCOIND","Smallcap","Building Materials"
"22-06-2026","NH","Largecap","Healthcare"
"24-06-2026","CCL","Midcap","FMCG"
"24-06-2026","RAMCOIND","Smallcap","Building Materials"
"24-06-2026","LTF","Largecap","Financials"
"24-06-2026","JSWCEMENT","Midcap","Building Materials"
"25-06-2026","SAKSOFT","Smallcap","I.T"
"29-06-2026","KSL","Smallcap","Metals & Mining"
"29-06-2026","KABRAEXTRU","Smallcap","Industrials"
"29-06-2026","AVADHSUGAR","Smallcap","FMCG"
"29-06-2026","BANSALWIRE","Midcap","Metals & Mining"
"30-06-2026","TITAN","Largecap","Consumer Discretionary"
"30-06-2026","WENDT","Smallcap","Industrials"
"30-06-2026","SMSPHARMA","Smallcap","Healthcare"
"30-06-2026","MANKIND","Largecap","Healthcare"
"30-06-2026","OLAELEC","Midcap","Auto"
"01-07-2026","ASIANPAINT","Largecap","Building Materials"
"01-07-2026","MUNJALAU","Smallcap","Auto"
"01-07-2026","BHARATSE","Smallcap","Auto"
"01-07-2026","BAJAJFINSV","Largecap","Financials"
"01-07-2026","RPGLIFE","Smallcap","Healthcare"
"01-07-2026","EMIL","Midcap","Consumer Discretionary"
"01-07-2026","IKS","Largecap","I.T"
"02-07-2026","ANANTRAJ","Largecap","Realty"
"02-07-2026","PICCADIL","Midcap","FMCG"
"02-07-2026","NAUKRI","Largecap","I.T"
"02-07-2026","JUSTDIAL","Midcap","I.T"
"02-07-2026","COMSYN","Smallcap","Industrials"
"02-07-2026","MAHLOG","Smallcap","Transportation"
"02-07-2026","IKIO","Smallcap","Consumer Discretionary"
"02-07-2026","UDS","Smallcap","Miscellaneous"
"03-07-2026","GANECOS","Smallcap","Textiles"
"03-07-2026","MUNJALAU","Smallcap","Auto"
"03-07-2026","MPSLTD","Smallcap","I.T"
"03-07-2026","SUMICHEM","Largecap","Chemicals"
"03-07-2026","STALLION","Smallcap","Chemicals"
"06-07-2026","RAJRATAN","Smallcap","Metals & Mining"
"06-07-2026","KARURVYSYA","Largecap","Bank"
"07-07-2026","AARTIDRUGS","Smallcap","Healthcare"
"07-07-2026","ITDC","Midcap","Services"
"07-07-2026","SUBEXLTD","Smallcap","I.T"
"07-07-2026","COFORGE","Largecap","I.T"
"07-07-2026","SHAREINDIA","Smallcap","Financials"
"07-07-2026","ASKAUTOLTD","Midcap","Auto"
"08-07-2026","OAL","Smallcap","Chemicals"
"08-07-2026","ALKYLAMINE","Midcap","Chemicals"
"08-07-2026","VAIBHAVGBL","Smallcap","Consumer Discretionary"
"09-07-2026","SMLMAH","Midcap","Auto"
"09-07-2026","GRPLTD","Smallcap","FMCG"
"09-07-2026","AARTIDRUGS","Smallcap","Healthcare"
"09-07-2026","KALYANKJIL","Largecap","Consumer Discretionary"
"09-07-2026","SENCO","Midcap","Consumer Discretionary"
"09-07-2026","CONCORDBIO","Midcap","Healthcare"
"09-07-2026","ASKAUTOLTD","Midcap","Auto"
"09-07-2026","SAMBHV","Smallcap","Metals & Mining"
"10-07-2026","LMW","Largecap","Industrials"
"10-07-2026","RAJRATAN","Smallcap","Metals & Mining"
"10-07-2026","ARMANFIN","Smallcap","Financials"
"10-07-2026","COFORGE","Largecap","I.T"
"10-07-2026","TANLA","Midcap","I.T"
"10-07-2026","TIMETECHNO","Midcap","Plastic products"
"10-07-2026","KARURVYSYA","Largecap","Bank"
"10-07-2026","HAL","Largecap","Aerospace & Defence"
"10-07-2026","TATVA","Smallcap","Chemicals"
"10-07-2026","CAPITALSFB","Smallcap","Bank"
"13-07-2026","NILKAMAL","Smallcap","Plastic products"
"13-07-2026","63MOONS","Smallcap","I.T"
"13-07-2026","VSSL","Smallcap","Metals & Mining"
"13-07-2026","LXCHEM","Smallcap","Chemicals"
"13-07-2026","TATATECH","Largecap","I.T"
"14-07-2026","LANDMARK","Smallcap","Consumer Discretionary"
"15-07-2026","JINDWORLD","Smallcap","Textiles"
"15-07-2026","BAJAJ-AUTO","Largecap","Auto"
"17-07-2026","EICHERMOT","Largecap","Auto"
"17-07-2026","NILKAMAL","Smallcap","Plastic products"
"17-07-2026","PPLPHARMA","Largecap","Healthcare"
"20-07-2026","GUJALKALI","Midcap","Chemicals"
"20-07-2026","JKPAPER","Midcap","Building Materials"
"20-07-2026","PVRINOX","Midcap","Media"
"21-07-2026","GRPLTD","Smallcap","FMCG"
"21-07-2026","SANATHAN","Smallcap","Textiles"
"21-07-2026","LOTUSDEV","Midcap","Realty"
"23-07-2026","GRPLTD","Smallcap","FMCG"
"24-07-2026","PVRINOX","Midcap","Media"
"27-07-2026","CONCOR","Largecap","Transportation"
"27-07-2026","GAIL","Largecap","Energy"
"27-07-2026","RKFORGE","Midcap","Industrials"
"27-07-2026","COFORGE","Largecap","I.T"
"27-07-2026","DEEPINDS","Smallcap","Energy"
"27-07-2026","REDINGTON","Largecap","Services"
"27-07-2026","ENTERO","Midcap","Healthcare"
"27-07-2026","TBOTEK","Midcap","I.T"
"27-07-2026","EPACKPEB","Smallcap","Metals & Mining"
"28-07-2026","CIPLA","Largecap","Healthcare"
"28-07-2026","MAHASTEEL","Smallcap","Metals & Mining"
"28-07-2026","VIMTALABS","Smallcap","Healthcare"
"29-07-2026","INDORAMA","Smallcap","Textiles"
"29-07-2026","BALKRISIND","Largecap","Auto"
"29-07-2026","SMLMAH","Midcap","Auto"
"29-07-2026","ATULAUTO","Smallcap","Auto"
"29-07-2026","COMSYN","Smallcap","Industrials"
"29-07-2026","ENDURANCE","Largecap","Auto"
"29-07-2026","RPSGVENT","Smallcap","I.T"
"29-07-2026","ARTEMISMED","Midcap","Healthcare"
"29-07-2026","RHETAN","Smallcap","Metals & Mining"
"29-07-2026","CONCORDBIO","Midcap","Healthcare"
"30-07-2026","SUPRAJIT","Midcap","Auto"
"31-07-2026","GAIL","Largecap","Energy"
"31-07-2026","KICL","Smallcap","Financials"
"31-07-2026","RPSGVENT","Smallcap","I.T"
"03-08-2026","DALMIASUG","Smallcap","FMCG"
"03-08-2026","DHAMPURSUG","Smallcap","FMCG"
"03-08-2026","JSWSTEEL","Largecap","Metals & Mining"
"03-08-2026","TNPETRO","Smallcap","Energy"
"03-08-2026","DYNAMATECH","Midcap","Industrials"
"03-08-2026","KENNAMET","Midcap","Industrials"
"03-08-2026","KRBL","Midcap","FMCG"
"03-08-2026","UTTAMSUGAR","Smallcap","FMCG"
"03-08-2026","ALLCARGO","Smallcap","Transportation"
"03-08-2026","APLAPOLLO","Largecap","Industrials"
"03-08-2026","GALAXYSURF","Midcap","Chemicals"
"03-08-2026","MIDHANI","Midcap","Aerospace & Defence"
"03-08-2026","360ONE","Largecap","Financials"
"03-08-2026","RBA","Midcap","Consumer Discretionary"
"03-08-2026","MANYAVAR","Midcap","Consumer Discretionary"
"03-08-2026","INDGN","Midcap","Healthcare"
"03-08-2026","URBANCO","Largecap","I.T"
"04-08-2026","RACLGEAR","Smallcap","Auto"
"04-08-2026","KOLTEPATIL","Smallcap","Realty"
"04-08-2026","IFGLEXPOR","Smallcap","Building Materials"
"04-08-2026","HAPPSTMNDS","Midcap","I.T"
"04-08-2026","ROLEXRINGS","Smallcap","Auto"
"04-08-2026","DEVYANI","Midcap","Consumer Discretionary"
"04-08-2026","SAPPHIRE","Midcap","Consumer Discretionary"
"04-08-2026","ENRIN","Largecap","Power & Utilities"
"05-08-2026","YUKEN","Smallcap","Industrials"
"05-08-2026","GLENMARK","Largecap","Healthcare"
"05-08-2026","RGL","Smallcap","Consumer Discretionary"
"05-08-2026","CHALET","Midcap","Services"
"06-08-2026","TNPETRO","Smallcap","Energy"
"06-08-2026","PVP","Smallcap","Realty"
"06-08-2026","ALLCARGO","Smallcap","Transportation"
"06-08-2026","KOLTEPATIL","Smallcap","Realty"
"06-08-2026","PTCIL","Largecap","Industrials"
"06-08-2026","MATRIMONY","Smallcap","Miscellaneous"
"06-08-2026","WINDLAS","Smallcap","Healthcare"
"07-08-2026","ARVSMART","Smallcap","Realty"
"07-08-2026","GALAXYSURF","Midcap","Chemicals"
"07-08-2026","ENRIN","Largecap","Power & Utilities"
"07-08-2026","CANHLIFE","Midcap","Financials"
"10-08-2026","PITTIENG","Smallcap","Industrials"
"10-08-2026","GIPCL","Smallcap","Power & Utilities"
"10-08-2026","POLYMED","Midcap","Healthcare"
"10-08-2026","MCX","Largecap","Financials"
"10-08-2026","MOL","Smallcap","Chemicals"
"10-08-2026","AARTIPHARM","Midcap","Healthcare"
"10-08-2026","SURAKSHA","Smallcap","Healthcare"
"11-08-2026","EPL","Midcap","Industrials"
"11-08-2026","POLICYBZR","Largecap","I.T"
"12-08-2026","MANALIPETC","Smallcap","Energy"
"12-08-2026","SURAKSHA","Smallcap","Healthcare"
"12-08-2026","JUBLCPL","Smallcap","Chemicals"
"13-08-2026","EIMCOELECO","Smallcap","Industrials"
"13-08-2026","GANESHHOU","Midcap","Realty"
"13-08-2026","OMAXE","Smallcap","Realty"
"13-08-2026","MOTISONS","Smallcap","Consumer Discretionary"
"14-08-2026","TVSSRICHAK","Smallcap","Auto"
"14-08-2026","AVTNPL","Smallcap","FMCG"
"14-08-2026","BALUFORGE","Midcap","Industrials"
"17-08-2026","GENUSPOWER","Midcap","Consumer Discretionary"
"17-08-2026","PRABHA","Smallcap","Energy"
"17-08-2026","SMARTWORKS","Midcap","Co-Working"
"18-08-2026","BAJAJHIND","Midcap","FMCG"
"18-08-2026","BANARISUG","Midcap","FMCG"
"18-08-2026","SOLARA","Smallcap","Healthcare"
"18-08-2026","HARSHA","Smallcap","Industrials"
"19-08-2026","CHALET","Midcap","Services"
"19-08-2026","CANHLIFE","Midcap","Financials"
"20-08-2026","JSWSTEEL","Largecap","Metals & Mining"
"20-08-2026","JAYNECOIND","Midcap","Metals & Mining"
"20-08-2026","GENUSPOWER","Midcap","Consumer Discretionary"
"20-08-2026","VOLTAMP","Midcap","Industrials"
"20-08-2026","DCBBANK","Midcap","Bank"
"20-08-2026","EDELWEISS","Midcap","Financials"
"21-08-2026","AGI","Smallcap","Industrials"
"21-08-2026","MAHSEAMLES","Midcap","Industrials"
"21-08-2026","RACLGEAR","Smallcap","Auto"
"21-08-2026","CANHLIFE","Midcap","Financials"